{
  "name": "ielts-vocab-backend",
  "version": "1.0.0",
  "description": "雅思智能背单词系统后端服务",
  "main": "server-sqlite.js",
  "scripts": {
    "start": "node server-sqlite.js",
    "dev": "nodemon server-sqlite.js",
    "test": "jest"
  },
  "dependencies": {
    "express": "^4.18.2",
    "sqlite3": "^5.1.6",
    "sqlite": "^5.1.1",
    "cors": "^2.8.5",
    "helmet": "^7.0.0",
    "dotenv": "^16.3.1",
    "jsonwebtoken": "^9.0.2"
  },
  "devDependencies": {
    "nodemon": "^3.0.1",
    "jest": "^29.6.2",
    "supertest": "^6.3.3"
  },
  "engines": {
    "node": ">=18.0.0"
  }
}