[
  {
    "word": "Abandon attempt",
    "phonetic": "",
    "part_of_speech": "phrase",
    "definition": "Common collocation: \"Abandon\" + \"attempt\"",
    "example_sentences": [
      "You can Abandon attempt."
    ],
    "frequency_level": "high",
    "cambridge_book": 10
  },
  {
    "word": "Abandon career",
    "phonetic": "",
    "part_of_speech": "phrase",
    "definition": "Common collocation: \"Abandon\" + \"career\"",
    "example_sentences": [
      "You can Abandon career."
    ],
    "frequency_level": "high",
    "cambridge_book": 15
  },
  {
    "word": "Abandon child",
    "phonetic": "",
    "part_of_speech": "phrase",
    "definition": "Common collocation: \"Abandon\" + \"child\"",
    "example_sentences": [
      "You can Abandon child."
    ],
    "frequency_level": "high",
    "cambridge_book": 11
  },
  {
    "word": "Abandon convention",
    "phonetic": "",
    "part_of_speech": "phrase",
    "definition": "Common collocation: \"Abandon\" + \"convention\"",
    "example_sentences": [
      "You can Abandon convention."
    ],
    "frequency_level": "high",
    "cambridge_book": 11
  },
  {
    "word": "Abandon effort",
    "phonetic": "",
    "part_of_speech": "phrase",
    "definition": "Common collocation: \"Abandon\" + \"effort\"",
    "example_sentences": [
      "You can Abandon effort."
    ],
    "frequency_level": "high",
    "cambridge_book": 6
  },
  {
    "word": "Abandon homestead",
    "phonetic": "",
    "part_of_speech": "phrase",
    "definition": "Common collocation: \"Abandon\" + \"homestead\"",
    "example_sentences": [
      "You can Abandon homestead."
    ],
    "frequency_level": "high",
    "cambridge_book": 1
  },
  {
    "word": "Abandon hope",
    "phonetic": "",
    "part_of_speech": "phrase",
    "definition": "Common collocation: \"Abandon\" + \"hope\"",
    "example_sentences": [
      "You can Abandon hope."
    ],
    "frequency_level": "high",
    "cambridge_book": 6
  },
  {
    "word": "Abandon idea",
    "phonetic": "",
    "part_of_speech": "phrase",
    "definition": "Common collocation: \"Abandon\" + \"idea\"",
    "example_sentences": [
      "You can Abandon idea."
    ],
    "frequency_level": "high",
    "cambridge_book": 14
  },
  {
    "word": "Abandon pet",
    "phonetic": "",
    "part_of_speech": "phrase",
    "definition": "Common collocation: \"Abandon\" + \"pet\"",
    "example_sentences": [
      "You can Abandon pet."
    ],
    "frequency_level": "high",
    "cambridge_book": 15
  },
  {
    "word": "Abandon policy",
    "phonetic": "",
    "part_of_speech": "phrase",
    "definition": "Common collocation: \"Abandon\" + \"policy\"",
    "example_sentences": [
      "You can Abandon policy."
    ],
    "frequency_level": "high",
    "cambridge_book": 10
  },
  {
    "word": "Abandon principle",
    "phonetic": "",
    "part_of_speech": "phrase",
    "definition": "Common collocation: \"Abandon\" + \"principle\"",
    "example_sentences": [
      "You can Abandon principle."
    ],
    "frequency_level": "high",
    "cambridge_book": 15
  },
  {
    "word": "Abandon proposal",
    "phonetic": "",
    "part_of_speech": "phrase",
    "definition": "Common collocation: \"Abandon\" + \"proposal\"",
    "example_sentences": [
      "You can Abandon proposal."
    ],
    "frequency_level": "high",
    "cambridge_book": 5
  },
  {
    "word": "Abandon rationality",
    "phonetic": "",
    "part_of_speech": "phrase",
    "definition": "Common collocation: \"Abandon\" + \"rationality\"",
    "example_sentences": [
      "You can Abandon rationality."
    ],
    "frequency_level": "high",
    "cambridge_book": 17
  },
  {
    "word": "Abandon search",
    "phonetic": "",
    "part_of_speech": "phrase",
    "definition": "Common collocation: \"Abandon\" + \"search\"",
    "example_sentences": [
      "You can Abandon search."
    ],
    "frequency_level": "high",
    "cambridge_book": 18
  },
  {
    "word": "Abandon tradition",
    "phonetic": "",
    "part_of_speech": "phrase",
    "definition": "Common collocation: \"Abandon\" + \"tradition\"",
    "example_sentences": [
      "You can Abandon tradition."
    ],
    "frequency_level": "high",
    "cambridge_book": 9
  },
  {
    "word": "Abandon vehicle",
    "phonetic": "",
    "part_of_speech": "phrase",
    "definition": "Common collocation: \"Abandon\" + \"vehicle\"",
    "example_sentences": [
      "You can Abandon vehicle."
    ],
    "frequency_level": "high",
    "cambridge_book": 9
  },
  {
    "word": "Abandon wife",
    "phonetic": "",
    "part_of_speech": "phrase",
    "definition": "Common collocation: \"Abandon\" + \"wife\"",
    "example_sentences": [
      "You can Abandon wife."
    ],
    "frequency_level": "high",
    "cambridge_book": 4
  },
  {
    "word": "Abandon",
    "phonetic": "",
    "part_of_speech": "verb",
    "definition": "Commonly used with: attempt, career, child, convention, effort, homestead, hope, idea, pet, policy, principle, proposal, rationality, search, tradition, vehicle, wife",
    "example_sentences": [
      "You can Abandon various things."
    ],
    "frequency_level": "high",
    "cambridge_book": 8
  },
  {
    "word": "Absorb culture",
    "phonetic": "",
    "part_of_speech": "phrase",
    "definition": "Common collocation: \"Absorb\" + \"culture\"",
    "example_sentences": [
      "You can Absorb culture."
    ],
    "frequency_level": "high",
    "cambridge_book": 7
  },
  {
    "word": "Absorb idea",
    "phonetic": "",
    "part_of_speech": "phrase",
    "definition": "Common collocation: \"Absorb\" + \"idea\"",
    "example_sentences": [
      "You can Absorb idea."
    ],
    "frequency_level": "high",
    "cambridge_book": 17
  },
  {
    "word": "Absorb information",
    "phonetic": "",
    "part_of_speech": "phrase",
    "definition": "Common collocation: \"Absorb\" + \"information\"",
    "example_sentences": [
      "You can Absorb information."
    ],
    "frequency_level": "high",
    "cambridge_book": 17
  },
  {
    "word": "Absorb",
    "phonetic": "",
    "part_of_speech": "verb",
    "definition": "Commonly used with: culture, idea, information",
    "example_sentences": [
      "You can Absorb various things."
    ],
    "frequency_level": "high",
    "cambridge_book": 16
  },
  {
    "word": "Abuse alcohol",
    "phonetic": "",
    "part_of_speech": "phrase",
    "definition": "Common collocation: \"Abuse\" + \"alcohol\"",
    "example_sentences": [
      "You can Abuse alcohol."
    ],
    "frequency_level": "high",
    "cambridge_book": 5
  },
  {
    "word": "Abuse authority",
    "phonetic": "",
    "part_of_speech": "phrase",
    "definition": "Common collocation: \"Abuse\" + \"authority\"",
    "example_sentences": [
      "You can Abuse authority."
    ],
    "frequency_level": "high",
    "cambridge_book": 9
  },
  {
    "word": "Abuse drug",
    "phonetic": "",
    "part_of_speech": "phrase",
    "definition": "Common collocation: \"Abuse\" + \"drug\"",
    "example_sentences": [
      "You can Abuse drug."
    ],
    "frequency_level": "high",
    "cambridge_book": 3
  },
  {
    "word": "Abuse power",
    "phonetic": "",
    "part_of_speech": "phrase",
    "definition": "Common collocation: \"Abuse\" + \"power\"",
    "example_sentences": [
      "You can Abuse power."
    ],
    "frequency_level": "high",
    "cambridge_book": 13
  },
  {
    "word": "Abuse substance",
    "phonetic": "",
    "part_of_speech": "phrase",
    "definition": "Common collocation: \"Abuse\" + \"substance\"",
    "example_sentences": [
      "You can Abuse substance."
    ],
    "frequency_level": "high",
    "cambridge_book": 12
  },
  {
    "word": "Abuse",
    "phonetic": "",
    "part_of_speech": "verb",
    "definition": "Commonly used with: alcohol, authority, drug, power, substance",
    "example_sentences": [
      "You can Abuse various things."
    ],
    "frequency_level": "high",
    "cambridge_book": 4
  },
  {
    "word": "Accelerate change",
    "phonetic": "",
    "part_of_speech": "phrase",
    "definition": "Common collocation: \"Accelerate\" + \"change\"",
    "example_sentences": [
      "You can Accelerate change."
    ],
    "frequency_level": "high",
    "cambridge_book": 16
  },
  {
    "word": "Accelerate development",
    "phonetic": "",
    "part_of_speech": "phrase",
    "definition": "Common collocation: \"Accelerate\" + \"development\"",
    "example_sentences": [
      "You can Accelerate development."
    ],
    "frequency_level": "high",
    "cambridge_book": 4
  },
  {
    "word": "Accelerate growth",
    "phonetic": "",
    "part_of_speech": "phrase",
    "definition": "Common collocation: \"Accelerate\" + \"growth\"",
    "example_sentences": [
      "You can Accelerate growth."
    ],
    "frequency_level": "high",
    "cambridge_book": 17
  },
  {
    "word": "Accelerate pace",
    "phonetic": "",
    "part_of_speech": "phrase",
    "definition": "Common collocation: \"Accelerate\" + \"pace\"",
    "example_sentences": [
      "You can Accelerate pace."
    ],
    "frequency_level": "high",
    "cambridge_book": 18
  },
  {
    "word": "Accelerate rate",
    "phonetic": "",
    "part_of_speech": "phrase",
    "definition": "Common collocation: \"Accelerate\" + \"rate\"",
    "example_sentences": [
      "You can Accelerate rate."
    ],
    "frequency_level": "high",
    "cambridge_book": 3
  },
  {
    "word": "Accelerate speed",
    "phonetic": "",
    "part_of_speech": "phrase",
    "definition": "Common collocation: \"Accelerate\" + \"speed\"",
    "example_sentences": [
      "You can Accelerate speed."
    ],
    "frequency_level": "high",
    "cambridge_book": 4
  },
  {
    "word": "Accelerate trend",
    "phonetic": "",
    "part_of_speech": "phrase",
    "definition": "Common collocation: \"Accelerate\" + \"trend\"",
    "example_sentences": [
      "You can Accelerate trend."
    ],
    "frequency_level": "high",
    "cambridge_book": 8
  },
  {
    "word": "Accelerate",
    "phonetic": "",
    "part_of_speech": "verb",
    "definition": "Commonly used with: change, development, growth, pace, rate, speed, trend",
    "example_sentences": [
      "You can Accelerate various things."
    ],
    "frequency_level": "high",
    "cambridge_book": 18
  },
  {
    "word": "Achieve aim",
    "phonetic": "",
    "part_of_speech": "phrase",
    "definition": "Common collocation: \"Achieve\" + \"aim\"",
    "example_sentences": [
      "You can Achieve aim."
    ],
    "frequency_level": "high",
    "cambridge_book": 9
  },
  {
    "word": "Achieve effect",
    "phonetic": "",
    "part_of_speech": "phrase",
    "definition": "Common collocation: \"Achieve\" + \"effect\"",
    "example_sentences": [
      "You can Achieve effect."
    ],
    "frequency_level": "high",
    "cambridge_book": 7
  },
  {
    "word": "Achieve feat",
    "phonetic": "",
    "part_of_speech": "phrase",
    "definition": "Common collocation: \"Achieve\" + \"feat\"",
    "example_sentences": [
      "You can Achieve feat."
    ],
    "frequency_level": "high",
    "cambridge_book": 6
  },
  {
    "word": "Achieve goal",
    "phonetic": "",
    "part_of_speech": "phrase",
    "definition": "Common collocation: \"Achieve\" + \"goal\"",
    "example_sentences": [
      "You can Achieve goal."
    ],
    "frequency_level": "high",
    "cambridge_book": 11
  },
  {
    "word": "Achieve growth",
    "phonetic": "",
    "part_of_speech": "phrase",
    "definition": "Common collocation: \"Achieve\" + \"growth\"",
    "example_sentences": [
      "You can Achieve growth."
    ],
    "frequency_level": "high",
    "cambridge_book": 15
  },
  {
    "word": "Achieve objective",
    "phonetic": "",
    "part_of_speech": "phrase",
    "definition": "Common collocation: \"Achieve\" + \"objective\"",
    "example_sentences": [
      "You can Achieve objective."
    ],
    "frequency_level": "high",
    "cambridge_book": 16
  },
  {
    "word": "Achieve purpose",
    "phonetic": "",
    "part_of_speech": "phrase",
    "definition": "Common collocation: \"Achieve\" + \"purpose\"",
    "example_sentences": [
      "You can Achieve purpose."
    ],
    "frequency_level": "high",
    "cambridge_book": 1
  },
  {
    "word": "Achieve success",
    "phonetic": "",
    "part_of_speech": "phrase",
    "definition": "Common collocation: \"Achieve\" + \"success\"",
    "example_sentences": [
      "You can Achieve success."
    ],
    "frequency_level": "high",
    "cambridge_book": 14
  },
  {
    "word": "Achieve target",
    "phonetic": "",
    "part_of_speech": "phrase",
    "definition": "Common collocation: \"Achieve\" + \"target\"",
    "example_sentences": [
      "You can Achieve target."
    ],
    "frequency_level": "high",
    "cambridge_book": 3
  },
  {
    "word": "Achieve",
    "phonetic": "",
    "part_of_speech": "verb",
    "definition": "Commonly used with: aim, effect, feat, goal, growth, objective, purpose, success, target",
    "example_sentences": [
      "You can Achieve various things."
    ],
    "frequency_level": "high",
    "cambridge_book": 9
  },
  {
    "word": "Acquire information",
    "phonetic": "",
    "part_of_speech": "phrase",
    "definition": "Common collocation: \"Acquire\" + \"information\"",
    "example_sentences": [
      "You can Acquire information."
    ],
    "frequency_level": "high",
    "cambridge_book": 13
  },
  {
    "word": "Acquire knowledge",
    "phonetic": "",
    "part_of_speech": "phrase",
    "definition": "Common collocation: \"Acquire\" + \"knowledge\"",
    "example_sentences": [
      "You can Acquire knowledge."
    ],
    "frequency_level": "high",
    "cambridge_book": 4
  },
  {
    "word": "Acquire opportunity",
    "phonetic": "",
    "part_of_speech": "phrase",
    "definition": "Common collocation: \"Acquire\" + \"opportunity\"",
    "example_sentences": [
      "You can Acquire opportunity."
    ],
    "frequency_level": "high",
    "cambridge_book": 6
  },
  {
    "word": "Acquire skill",
    "phonetic": "",
    "part_of_speech": "phrase",
    "definition": "Common collocation: \"Acquire\" + \"skill\"",
    "example_sentences": [
      "You can Acquire skill."
    ],
    "frequency_level": "high",
    "cambridge_book": 8
  },
  {
    "word": "Acquire status",
    "phonetic": "",
    "part_of_speech": "phrase",
    "definition": "Common collocation: \"Acquire\" + \"status\"",
    "example_sentences": [
      "You can Acquire status."
    ],
    "frequency_level": "high",
    "cambridge_book": 3
  },
  {
    "word": "Acquire",
    "phonetic": "",
    "part_of_speech": "verb",
    "definition": "Commonly used with: information, knowledge, opportunity, skill, status",
    "example_sentences": [
      "You can Acquire various things."
    ],
    "frequency_level": "high",
    "cambridge_book": 14
  },
  {
    "word": "Address issue",
    "phonetic": "",
    "part_of_speech": "phrase",
    "definition": "Common collocation: \"Address\" + \"issue\"",
    "example_sentences": [
      "You can Address issue."
    ],
    "frequency_level": "high",
    "cambridge_book": 5
  },
  {
    "word": "Address matter",
    "phonetic": "",
    "part_of_speech": "phrase",
    "definition": "Common collocation: \"Address\" + \"matter\"",
    "example_sentences": [
      "You can Address matter."
    ],
    "frequency_level": "high",
    "cambridge_book": 5
  },
  {
    "word": "Address problem",
    "phonetic": "",
    "part_of_speech": "phrase",
    "definition": "Common collocation: \"Address\" + \"problem\"",
    "example_sentences": [
      "You can Address problem."
    ],
    "frequency_level": "high",
    "cambridge_book": 1
  },
  {
    "word": "Address question",
    "phonetic": "",
    "part_of_speech": "phrase",
    "definition": "Common collocation: \"Address\" + \"question\"",
    "example_sentences": [
      "You can Address question."
    ],
    "frequency_level": "high",
    "cambridge_book": 14
  },
  {
    "word": "Address subject",
    "phonetic": "",
    "part_of_speech": "phrase",
    "definition": "Common collocation: \"Address\" + \"subject\"",
    "example_sentences": [
      "You can Address subject."
    ],
    "frequency_level": "high",
    "cambridge_book": 11
  },
  {
    "word": "Address",
    "phonetic": "",
    "part_of_speech": "verb",
    "definition": "Commonly used with: issue, matter, problem, question, subject",
    "example_sentences": [
      "You can Address various things."
    ],
    "frequency_level": "high",
    "cambridge_book": 11
  },
  {
    "word": "Admire courage",
    "phonetic": "",
    "part_of_speech": "phrase",
    "definition": "Common collocation: \"Admire\" + \"courage\"",
    "example_sentences": [
      "You can Admire courage."
    ],
    "frequency_level": "high",
    "cambridge_book": 3
  },
  {
    "word": "Admire quality",
    "phonetic": "",
    "part_of_speech": "phrase",
    "definition": "Common collocation: \"Admire\" + \"quality\"",
    "example_sentences": [
      "You can Admire quality."
    ],
    "frequency_level": "high",
    "cambridge_book": 5
  },
  {
    "word": "Admire skill",
    "phonetic": "",
    "part_of_speech": "phrase",
    "definition": "Common collocation: \"Admire\" + \"skill\"",
    "example_sentences": [
      "You can Admire skill."
    ],
    "frequency_level": "high",
    "cambridge_book": 13
  },
  {
    "word": "Admire view",
    "phonetic": "",
    "part_of_speech": "phrase",
    "definition": "Common collocation: \"Admire\" + \"view\"",
    "example_sentences": [
      "You can Admire view."
    ],
    "frequency_level": "high",
    "cambridge_book": 13
  },
  {
    "word": "Admire work",
    "phonetic": "",
    "part_of_speech": "phrase",
    "definition": "Common collocation: \"Admire\" + \"work\"",
    "example_sentences": [
      "You can Admire work."
    ],
    "frequency_level": "high",
    "cambridge_book": 6
  },
  {
    "word": "Admire",
    "phonetic": "",
    "part_of_speech": "verb",
    "definition": "Commonly used with: courage, quality, skill, view, work",
    "example_sentences": [
      "You can Admire various things."
    ],
    "frequency_level": "high",
    "cambridge_book": 16
  },
  {
    "word": "Adopt attitude",
    "phonetic": "",
    "part_of_speech": "phrase",
    "definition": "Common collocation: \"Adopt\" + \"attitude\"",
    "example_sentences": [
      "You can Adopt attitude."
    ],
    "frequency_level": "high",
    "cambridge_book": 10
  },
  {
    "word": "Adopt idea",
    "phonetic": "",
    "part_of_speech": "phrase",
    "definition": "Common collocation: \"Adopt\" + \"idea\"",
    "example_sentences": [
      "You can Adopt idea."
    ],
    "frequency_level": "high",
    "cambridge_book": 3
  },
  {
    "word": "Adopt measure",
    "phonetic": "",
    "part_of_speech": "phrase",
    "definition": "Common collocation: \"Adopt\" + \"measure\"",
    "example_sentences": [
      "You can Adopt measure."
    ],
    "frequency_level": "high",
    "cambridge_book": 1
  },
  {
    "word": "Adopt method",
    "phonetic": "",
    "part_of_speech": "phrase",
    "definition": "Common collocation: \"Adopt\" + \"method\"",
    "example_sentences": [
      "You can Adopt method."
    ],
    "frequency_level": "high",
    "cambridge_book": 3
  },
  {
    "word": "Adopt plan",
    "phonetic": "",
    "part_of_speech": "phrase",
    "definition": "Common collocation: \"Adopt\" + \"plan\"",
    "example_sentences": [
      "You can Adopt plan."
    ],
    "frequency_level": "high",
    "cambridge_book": 8
  },
  {
    "word": "Adopt policy",
    "phonetic": "",
    "part_of_speech": "phrase",
    "definition": "Common collocation: \"Adopt\" + \"policy\"",
    "example_sentences": [
      "You can Adopt policy."
    ],
    "frequency_level": "high",
    "cambridge_book": 13
  },
  {
    "word": "Adopt practice",
    "phonetic": "",
    "part_of_speech": "phrase",
    "definition": "Common collocation: \"Adopt\" + \"practice\"",
    "example_sentences": [
      "You can Adopt practice."
    ],
    "frequency_level": "high",
    "cambridge_book": 18
  },
  {
    "word": "Adopt rule",
    "phonetic": "",
    "part_of_speech": "phrase",
    "definition": "Common collocation: \"Adopt\" + \"rule\"",
    "example_sentences": [
      "You can Adopt rule."
    ],
    "frequency_level": "high",
    "cambridge_book": 6
  },
  {
    "word": "Adopt technique",
    "phonetic": "",
    "part_of_speech": "phrase",
    "definition": "Common collocation: \"Adopt\" + \"technique\"",
    "example_sentences": [
      "You can Adopt technique."
    ],
    "frequency_level": "high",
    "cambridge_book": 15
  },
  {
    "word": "Adopt",
    "phonetic": "",
    "part_of_speech": "verb",
    "definition": "Commonly used with: attitude, idea, measure, method, plan, policy, practice, rule, technique",
    "example_sentences": [
      "You can Adopt various things."
    ],
    "frequency_level": "high",
    "cambridge_book": 6
  },
  {
    "word": "Affect behaviour",
    "phonetic": "",
    "part_of_speech": "phrase",
    "definition": "Common collocation: \"Affect\" + \"behaviour\"",
    "example_sentences": [
      "You can Affect behaviour."
    ],
    "frequency_level": "high",
    "cambridge_book": 7
  },
  {
    "word": "Affect decision",
    "phonetic": "",
    "part_of_speech": "phrase",
    "definition": "Common collocation: \"Affect\" + \"decision\"",
    "example_sentences": [
      "You can Affect decision."
    ],
    "frequency_level": "high",
    "cambridge_book": 6
  },
  {
    "word": "Affect life",
    "phonetic": "",
    "part_of_speech": "phrase",
    "definition": "Common collocation: \"Affect\" + \"life\"",
    "example_sentences": [
      "You can Affect life."
    ],
    "frequency_level": "high",
    "cambridge_book": 8
  },
  {
    "word": "Affect outcome",
    "phonetic": "",
    "part_of_speech": "phrase",
    "definition": "Common collocation: \"Affect\" + \"outcome\"",
    "example_sentences": [
      "You can Affect outcome."
    ],
    "frequency_level": "high",
    "cambridge_book": 6
  },
  {
    "word": "Affect performance",
    "phonetic": "",
    "part_of_speech": "phrase",
    "definition": "Common collocation: \"Affect\" + \"performance\"",
    "example_sentences": [
      "You can Affect performance."
    ],
    "frequency_level": "high",
    "cambridge_book": 1
  },
  {
    "word": "Affect quality",
    "phonetic": "",
    "part_of_speech": "phrase",
    "definition": "Common collocation: \"Affect\" + \"quality\"",
    "example_sentences": [
      "You can Affect quality."
    ],
    "frequency_level": "high",
    "cambridge_book": 17
  },
  {
    "word": "Affect",
    "phonetic": "",
    "part_of_speech": "verb",
    "definition": "Commonly used with: behaviour, decision, life, outcome, performance, quality",
    "example_sentences": [
      "You can Affect various things."
    ],
    "frequency_level": "high",
    "cambridge_book": 12
  },
  {
    "word": "Allocate expenditure",
    "phonetic": "",
    "part_of_speech": "phrase",
    "definition": "Common collocation: \"Allocate\" + \"expenditure\"",
    "example_sentences": [
      "You can Allocate expenditure."
    ],
    "frequency_level": "high",
    "cambridge_book": 11
  },
  {
    "word": "Allocate fund",
    "phonetic": "",
    "part_of_speech": "phrase",
    "definition": "Common collocation: \"Allocate\" + \"fund\"",
    "example_sentences": [
      "You can Allocate fund."
    ],
    "frequency_level": "high",
    "cambridge_book": 2
  },
  {
    "word": "Allocate money",
    "phonetic": "",
    "part_of_speech": "phrase",
    "definition": "Common collocation: \"Allocate\" + \"money\"",
    "example_sentences": [
      "You can Allocate money."
    ],
    "frequency_level": "high",
    "cambridge_book": 13
  },
  {
    "word": "Allocate seat",
    "phonetic": "",
    "part_of_speech": "phrase",
    "definition": "Common collocation: \"Allocate\" + \"seat\"",
    "example_sentences": [
      "You can Allocate seat."
    ],
    "frequency_level": "high",
    "cambridge_book": 10
  },
  {
    "word": "Allocate time",
    "phonetic": "",
    "part_of_speech": "phrase",
    "definition": "Common collocation: \"Allocate\" + \"time\"",
    "example_sentences": [
      "You can Allocate time."
    ],
    "frequency_level": "high",
    "cambridge_book": 4
  },
  {
    "word": "Allocate work",
    "phonetic": "",
    "part_of_speech": "phrase",
    "definition": "Common collocation: \"Allocate\" + \"work\"",
    "example_sentences": [
      "You can Allocate work."
    ],
    "frequency_level": "high",
    "cambridge_book": 4
  },
  {
    "word": "Allocate",
    "phonetic": "",
    "part_of_speech": "verb",
    "definition": "Commonly used with: expenditure, fund, money, seat, time, work",
    "example_sentences": [
      "You can Allocate various things."
    ],
    "frequency_level": "high",
    "cambridge_book": 18
  },
  {
    "word": "Alter behaviour",
    "phonetic": "",
    "part_of_speech": "phrase",
    "definition": "Common collocation: \"Alter\" + \"behaviour\"",
    "example_sentences": [
      "You can Alter behaviour."
    ],
    "frequency_level": "high",
    "cambridge_book": 2
  },
  {
    "word": "Alter fact",
    "phonetic": "",
    "part_of_speech": "phrase",
    "definition": "Common collocation: \"Alter\" + \"fact\"",
    "example_sentences": [
      "You can Alter fact."
    ],
    "frequency_level": "high",
    "cambridge_book": 2
  },
  {
    "word": "Alter life",
    "phonetic": "",
    "part_of_speech": "phrase",
    "definition": "Common collocation: \"Alter\" + \"life\"",
    "example_sentences": [
      "You can Alter life."
    ],
    "frequency_level": "high",
    "cambridge_book": 4
  },
  {
    "word": "Alter perception",
    "phonetic": "",
    "part_of_speech": "phrase",
    "definition": "Common collocation: \"Alter\" + \"perception\"",
    "example_sentences": [
      "You can Alter perception."
    ],
    "frequency_level": "high",
    "cambridge_book": 12
  },
  {
    "word": "Alter policy",
    "phonetic": "",
    "part_of_speech": "phrase",
    "definition": "Common collocation: \"Alter\" + \"policy\"",
    "example_sentences": [
      "You can Alter policy."
    ],
    "frequency_level": "high",
    "cambridge_book": 1
  },
  {
    "word": "Alter relationship",
    "phonetic": "",
    "part_of_speech": "phrase",
    "definition": "Common collocation: \"Alter\" + \"relationship\"",
    "example_sentences": [
      "You can Alter relationship."
    ],
    "frequency_level": "high",
    "cambridge_book": 16
  },
  {
    "word": "Alter",
    "phonetic": "",
    "part_of_speech": "verb",
    "definition": "Commonly used with: behaviour, fact, life, perception, policy, relationship",
    "example_sentences": [
      "You can Alter various things."
    ],
    "frequency_level": "high",
    "cambridge_book": 8
  },
  {
    "word": "Analyse behaviour",
    "phonetic": "",
    "part_of_speech": "phrase",
    "definition": "Common collocation: \"Analyse\" + \"behaviour\"",
    "example_sentences": [
      "You can Analyse behaviour."
    ],
    "frequency_level": "high",
    "cambridge_book": 1
  },
  {
    "word": "Analyse impact",
    "phonetic": "",
    "part_of_speech": "phrase",
    "definition": "Common collocation: \"Analyse\" + \"impact\"",
    "example_sentences": [
      "You can Analyse impact."
    ],
    "frequency_level": "high",
    "cambridge_book": 8
  },
  {
    "word": "Analyse performance",
    "phonetic": "",
    "part_of_speech": "phrase",
    "definition": "Common collocation: \"Analyse\" + \"performance\"",
    "example_sentences": [
      "You can Analyse performance."
    ],
    "frequency_level": "high",
    "cambridge_book": 3
  },
  {
    "word": "Analyse problem",
    "phonetic": "",
    "part_of_speech": "phrase",
    "definition": "Common collocation: \"Analyse\" + \"problem\"",
    "example_sentences": [
      "You can Analyse problem."
    ],
    "frequency_level": "high",
    "cambridge_book": 18
  },
  {
    "word": "Analyse result",
    "phonetic": "",
    "part_of_speech": "phrase",
    "definition": "Common collocation: \"Analyse\" + \"result\"",
    "example_sentences": [
      "You can Analyse result."
    ],
    "frequency_level": "high",
    "cambridge_book": 9
  },
  {
    "word": "Analyse",
    "phonetic": "",
    "part_of_speech": "verb",
    "definition": "Commonly used with: behaviour, impact, performance, problem, result",
    "example_sentences": [
      "You can Analyse various things."
    ],
    "frequency_level": "high",
    "cambridge_book": 8
  },
  {
    "word": "Appreciate beauty",
    "phonetic": "",
    "part_of_speech": "phrase",
    "definition": "Common collocation: \"Appreciate\" + \"beauty\"",
    "example_sentences": [
      "You can Appreciate beauty."
    ],
    "frequency_level": "high",
    "cambridge_book": 3
  },
  {
    "word": "Appreciate effort",
    "phonetic": "",
    "part_of_speech": "phrase",
    "definition": "Common collocation: \"Appreciate\" + \"effort\"",
    "example_sentences": [
      "You can Appreciate effort."
    ],
    "frequency_level": "high",
    "cambridge_book": 14
  },
  {
    "word": "Appreciate point",
    "phonetic": "",
    "part_of_speech": "phrase",
    "definition": "Common collocation: \"Appreciate\" + \"point\"",
    "example_sentences": [
      "You can Appreciate point."
    ],
    "frequency_level": "high",
    "cambridge_book": 9
  },
  {
    "word": "Appreciate support",
    "phonetic": "",
    "part_of_speech": "phrase",
    "definition": "Common collocation: \"Appreciate\" + \"support\"",
    "example_sentences": [
      "You can Appreciate support."
    ],
    "frequency_level": "high",
    "cambridge_book": 12
  },
  {
    "word": "Appreciate value",
    "phonetic": "",
    "part_of_speech": "phrase",
    "definition": "Common collocation: \"Appreciate\" + \"value\"",
    "example_sentences": [
      "You can Appreciate value."
    ],
    "frequency_level": "high",
    "cambridge_book": 8
  },
  {
    "word": "Appreciate work",
    "phonetic": "",
    "part_of_speech": "phrase",
    "definition": "Common collocation: \"Appreciate\" + \"work\"",
    "example_sentences": [
      "You can Appreciate work."
    ],
    "frequency_level": "high",
    "cambridge_book": 2
  },
  {
    "word": "Appreciate",
    "phonetic": "",
    "part_of_speech": "verb",
    "definition": "Commonly used with: beauty, effort, point, support, value, work",
    "example_sentences": [
      "You can Appreciate various things."
    ],
    "frequency_level": "high",
    "cambridge_book": 13
  },
  {
    "word": "Attain degree",
    "phonetic": "",
    "part_of_speech": "phrase",
    "definition": "Common collocation: \"Attain\" + \"degree\"",
    "example_sentences": [
      "You can Attain degree."
    ],
    "frequency_level": "high",
    "cambridge_book": 15
  },
  {
    "word": "Attain goal",
    "phonetic": "",
    "part_of_speech": "phrase",
    "definition": "Common collocation: \"Attain\" + \"goal\"",
    "example_sentences": [
      "You can Attain goal."
    ],
    "frequency_level": "high",
    "cambridge_book": 11
  },
  {
    "word": "Attain objective",
    "phonetic": "",
    "part_of_speech": "phrase",
    "definition": "Common collocation: \"Attain\" + \"objective\"",
    "example_sentences": [
      "You can Attain objective."
    ],
    "frequency_level": "high",
    "cambridge_book": 2
  },
  {
    "word": "Attain position",
    "phonetic": "",
    "part_of_speech": "phrase",
    "definition": "Common collocation: \"Attain\" + \"position\"",
    "example_sentences": [
      "You can Attain position."
    ],
    "frequency_level": "high",
    "cambridge_book": 11
  },
  {
    "word": "Attain status",
    "phonetic": "",
    "part_of_speech": "phrase",
    "definition": "Common collocation: \"Attain\" + \"status\"",
    "example_sentences": [
      "You can Attain status."
    ],
    "frequency_level": "high",
    "cambridge_book": 13
  },
  {
    "word": "Attain target",
    "phonetic": "",
    "part_of_speech": "phrase",
    "definition": "Common collocation: \"Attain\" + \"target\"",
    "example_sentences": [
      "You can Attain target."
    ],
    "frequency_level": "high",
    "cambridge_book": 4
  },
  {
    "word": "Attain",
    "phonetic": "",
    "part_of_speech": "verb",
    "definition": "Commonly used with: degree, goal, objective, position, status, target",
    "example_sentences": [
      "You can Attain various things."
    ],
    "frequency_level": "high",
    "cambridge_book": 1
  },
  {
    "word": "Attract attention",
    "phonetic": "",
    "part_of_speech": "phrase",
    "definition": "Common collocation: \"Attract\" + \"attention\"",
    "example_sentences": [
      "You can Attract attention."
    ],
    "frequency_level": "high",
    "cambridge_book": 13
  },
  {
    "word": "Attract audience",
    "phonetic": "",
    "part_of_speech": "phrase",
    "definition": "Common collocation: \"Attract\" + \"audience\"",
    "example_sentences": [
      "You can Attract audience."
    ],
    "frequency_level": "high",
    "cambridge_book": 8
  },
  {
    "word": "Attract criticism",
    "phonetic": "",
    "part_of_speech": "phrase",
    "definition": "Common collocation: \"Attract\" + \"criticism\"",
    "example_sentences": [
      "You can Attract criticism."
    ],
    "frequency_level": "high",
    "cambridge_book": 4
  },
  {
    "word": "Attract effort",
    "phonetic": "",
    "part_of_speech": "phrase",
    "definition": "Common collocation: \"Attract\" + \"effort\"",
    "example_sentences": [
      "You can Attract effort."
    ],
    "frequency_level": "high",
    "cambridge_book": 2
  },
  {
    "word": "Attract interest",
    "phonetic": "",
    "part_of_speech": "phrase",
    "definition": "Common collocation: \"Attract\" + \"interest\"",
    "example_sentences": [
      "You can Attract interest."
    ],
    "frequency_level": "high",
    "cambridge_book": 17
  },
  {
    "word": "Attract investment",
    "phonetic": "",
    "part_of_speech": "phrase",
    "definition": "Common collocation: \"Attract\" + \"investment\"",
    "example_sentences": [
      "You can Attract investment."
    ],
    "frequency_level": "high",
    "cambridge_book": 15
  },
  {
    "word": "Attract support",
    "phonetic": "",
    "part_of_speech": "phrase",
    "definition": "Common collocation: \"Attract\" + \"support\"",
    "example_sentences": [
      "You can Attract support."
    ],
    "frequency_level": "high",
    "cambridge_book": 12
  },
  {
    "word": "Attract",
    "phonetic": "",
    "part_of_speech": "verb",
    "definition": "Commonly used with: attention, audience, criticism, effort, interest, investment, support",
    "example_sentences": [
      "You can Attract various things."
    ],
    "frequency_level": "high",
    "cambridge_book": 7
  },
  {
    "word": "Ban advertising",
    "phonetic": "",
    "part_of_speech": "phrase",
    "definition": "Common collocation: \"Ban\" + \"advertising\"",
    "example_sentences": [
      "You can Ban advertising."
    ],
    "frequency_level": "high",
    "cambridge_book": 12
  },
  {
    "word": "Ban book",
    "phonetic": "",
    "part_of_speech": "phrase",
    "definition": "Common collocation: \"Ban\" + \"book\"",
    "example_sentences": [
      "You can Ban book."
    ],
    "frequency_level": "high",
    "cambridge_book": 9
  },
  {
    "word": "Ban drug",
    "phonetic": "",
    "part_of_speech": "phrase",
    "definition": "Common collocation: \"Ban\" + \"drug\"",
    "example_sentences": [
      "You can Ban drug."
    ],
    "frequency_level": "high",
    "cambridge_book": 14
  },
  {
    "word": "Ban practice",
    "phonetic": "",
    "part_of_speech": "phrase",
    "definition": "Common collocation: \"Ban\" + \"practice\"",
    "example_sentences": [
      "You can Ban practice."
    ],
    "frequency_level": "high",
    "cambridge_book": 6
  },
  {
    "word": "Ban weapon",
    "phonetic": "",
    "part_of_speech": "phrase",
    "definition": "Common collocation: \"Ban\" + \"weapon\"",
    "example_sentences": [
      "You can Ban weapon."
    ],
    "frequency_level": "high",
    "cambridge_book": 17
  },
  {
    "word": "Ban",
    "phonetic": "",
    "part_of_speech": "verb",
    "definition": "Commonly used with: advertising, book, drug, practice, weapon",
    "example_sentences": [
      "You can Ban various things."
    ],
    "frequency_level": "high",
    "cambridge_book": 18
  },
  {
    "word": "Bear burden",
    "phonetic": "",
    "part_of_speech": "phrase",
    "definition": "Common collocation: \"Bear\" + \"burden\"",
    "example_sentences": [
      "You can Bear burden."
    ],
    "frequency_level": "high",
    "cambridge_book": 15
  },
  {
    "word": "Bear cost",
    "phonetic": "",
    "part_of_speech": "phrase",
    "definition": "Common collocation: \"Bear\" + \"cost\"",
    "example_sentences": [
      "You can Bear cost."
    ],
    "frequency_level": "high",
    "cambridge_book": 5
  },
  {
    "word": "Bear fruit",
    "phonetic": "",
    "part_of_speech": "phrase",
    "definition": "Common collocation: \"Bear\" + \"fruit\"",
    "example_sentences": [
      "You can Bear fruit."
    ],
    "frequency_level": "high",
    "cambridge_book": 17
  },
  {
    "word": "Bear grudge",
    "phonetic": "",
    "part_of_speech": "phrase",
    "definition": "Common collocation: \"Bear\" + \"grudge\"",
    "example_sentences": [
      "You can Bear grudge."
    ],
    "frequency_level": "high",
    "cambridge_book": 2
  },
  {
    "word": "Bear hallmark",
    "phonetic": "",
    "part_of_speech": "phrase",
    "definition": "Common collocation: \"Bear\" + \"hallmark\"",
    "example_sentences": [
      "You can Bear hallmark."
    ],
    "frequency_level": "high",
    "cambridge_book": 16
  },
  {
    "word": "Bear resemblance",
    "phonetic": "",
    "part_of_speech": "phrase",
    "definition": "Common collocation: \"Bear\" + \"resemblance\"",
    "example_sentences": [
      "You can Bear resemblance."
    ],
    "frequency_level": "high",
    "cambridge_book": 15
  },
  {
    "word": "Bear responsibility",
    "phonetic": "",
    "part_of_speech": "phrase",
    "definition": "Common collocation: \"Bear\" + \"responsibility\"",
    "example_sentences": [
      "You can Bear responsibility."
    ],
    "frequency_level": "high",
    "cambridge_book": 4
  },
  {
    "word": "Bear similarity",
    "phonetic": "",
    "part_of_speech": "phrase",
    "definition": "Common collocation: \"Bear\" + \"similarity\"",
    "example_sentences": [
      "You can Bear similarity."
    ],
    "frequency_level": "high",
    "cambridge_book": 2
  },
  {
    "word": "Bear",
    "phonetic": "",
    "part_of_speech": "verb",
    "definition": "Commonly used with: burden, cost, fruit, grudge, hallmark, resemblance, responsibility, similarity",
    "example_sentences": [
      "You can Bear various things."
    ],
    "frequency_level": "high",
    "cambridge_book": 1
  },
  {
    "word": "Boost confidence",
    "phonetic": "",
    "part_of_speech": "phrase",
    "definition": "Common collocation: \"Boost\" + \"confidence\"",
    "example_sentences": [
      "You can Boost confidence."
    ],
    "frequency_level": "high",
    "cambridge_book": 3
  },
  {
    "word": "Boost economy",
    "phonetic": "",
    "part_of_speech": "phrase",
    "definition": "Common collocation: \"Boost\" + \"economy\"",
    "example_sentences": [
      "You can Boost economy."
    ],
    "frequency_level": "high",
    "cambridge_book": 1
  },
  {
    "word": "Boost image",
    "phonetic": "",
    "part_of_speech": "phrase",
    "definition": "Common collocation: \"Boost\" + \"image\"",
    "example_sentences": [
      "You can Boost image."
    ],
    "frequency_level": "high",
    "cambridge_book": 3
  },
  {
    "word": "Boost income",
    "phonetic": "",
    "part_of_speech": "phrase",
    "definition": "Common collocation: \"Boost\" + \"income\"",
    "example_sentences": [
      "You can Boost income."
    ],
    "frequency_level": "high",
    "cambridge_book": 13
  },
  {
    "word": "Boost morale",
    "phonetic": "",
    "part_of_speech": "phrase",
    "definition": "Common collocation: \"Boost\" + \"morale\"",
    "example_sentences": [
      "You can Boost morale."
    ],
    "frequency_level": "high",
    "cambridge_book": 10
  },
  {
    "word": "Boost performance",
    "phonetic": "",
    "part_of_speech": "phrase",
    "definition": "Common collocation: \"Boost\" + \"performance\"",
    "example_sentences": [
      "You can Boost performance."
    ],
    "frequency_level": "high",
    "cambridge_book": 4
  },
  {
    "word": "Boost profit",
    "phonetic": "",
    "part_of_speech": "phrase",
    "definition": "Common collocation: \"Boost\" + \"profit\"",
    "example_sentences": [
      "You can Boost profit."
    ],
    "frequency_level": "high",
    "cambridge_book": 9
  },
  {
    "word": "Boost value",
    "phonetic": "",
    "part_of_speech": "phrase",
    "definition": "Common collocation: \"Boost\" + \"value\"",
    "example_sentences": [
      "You can Boost value."
    ],
    "frequency_level": "high",
    "cambridge_book": 6
  },
  {
    "word": "Boost",
    "phonetic": "",
    "part_of_speech": "verb",
    "definition": "Commonly used with: confidence, economy, image, income, morale, performance, profit, value",
    "example_sentences": [
      "You can Boost various things."
    ],
    "frequency_level": "high",
    "cambridge_book": 16
  },
  {
    "word": "Break contract",
    "phonetic": "",
    "part_of_speech": "phrase",
    "definition": "Common collocation: \"Break\" + \"contract\"",
    "example_sentences": [
      "You can Break contract."
    ],
    "frequency_level": "high",
    "cambridge_book": 17
  },
  {
    "word": "Break deadlock",
    "phonetic": "",
    "part_of_speech": "phrase",
    "definition": "Common collocation: \"Break\" + \"deadlock\"",
    "example_sentences": [
      "You can Break deadlock."
    ],
    "frequency_level": "high",
    "cambridge_book": 11
  },
  {
    "word": "Break habit",
    "phonetic": "",
    "part_of_speech": "phrase",
    "definition": "Common collocation: \"Break\" + \"habit\"",
    "example_sentences": [
      "You can Break habit."
    ],
    "frequency_level": "high",
    "cambridge_book": 11
  },
  {
    "word": "Break law",
    "phonetic": "",
    "part_of_speech": "phrase",
    "definition": "Common collocation: \"Break\" + \"law\"",
    "example_sentences": [
      "You can Break law."
    ],
    "frequency_level": "high",
    "cambridge_book": 11
  },
  {
    "word": "Break promise",
    "phonetic": "",
    "part_of_speech": "phrase",
    "definition": "Common collocation: \"Break\" + \"promise\"",
    "example_sentences": [
      "You can Break promise."
    ],
    "frequency_level": "high",
    "cambridge_book": 10
  },
  {
    "word": "Break record",
    "phonetic": "",
    "part_of_speech": "phrase",
    "definition": "Common collocation: \"Break\" + \"record\"",
    "example_sentences": [
      "You can Break record."
    ],
    "frequency_level": "high",
    "cambridge_book": 5
  },
  {
    "word": "Break rule",
    "phonetic": "",
    "part_of_speech": "phrase",
    "definition": "Common collocation: \"Break\" + \"rule\"",
    "example_sentences": [
      "You can Break rule."
    ],
    "frequency_level": "high",
    "cambridge_book": 12
  },
  {
    "word": "Break silence",
    "phonetic": "",
    "part_of_speech": "phrase",
    "definition": "Common collocation: \"Break\" + \"silence\"",
    "example_sentences": [
      "You can Break silence."
    ],
    "frequency_level": "high",
    "cambridge_book": 6
  },
  {
    "word": "Break tradition",
    "phonetic": "",
    "part_of_speech": "phrase",
    "definition": "Common collocation: \"Break\" + \"tradition\"",
    "example_sentences": [
      "You can Break tradition."
    ],
    "frequency_level": "high",
    "cambridge_book": 10
  },
  {
    "word": "Break",
    "phonetic": "",
    "part_of_speech": "verb",
    "definition": "Commonly used with: contract, deadlock, habit, law, promise, record, rule, silence, tradition",
    "example_sentences": [
      "You can Break various things."
    ],
    "frequency_level": "high",
    "cambridge_book": 5
  },
  {
    "word": "Cancel agreement",
    "phonetic": "",
    "part_of_speech": "phrase",
    "definition": "Common collocation: \"Cancel\" + \"agreement\"",
    "example_sentences": [
      "You can Cancel agreement."
    ],
    "frequency_level": "high",
    "cambridge_book": 11
  },
  {
    "word": "Cancel appointment",
    "phonetic": "",
    "part_of_speech": "phrase",
    "definition": "Common collocation: \"Cancel\" + \"appointment\"",
    "example_sentences": [
      "You can Cancel appointment."
    ],
    "frequency_level": "high",
    "cambridge_book": 2
  },
  {
    "word": "Cancel booking",
    "phonetic": "",
    "part_of_speech": "phrase",
    "definition": "Common collocation: \"Cancel\" + \"booking\"",
    "example_sentences": [
      "You can Cancel booking."
    ],
    "frequency_level": "high",
    "cambridge_book": 16
  },
  {
    "word": "Cancel holiday",
    "phonetic": "",
    "part_of_speech": "phrase",
    "definition": "Common collocation: \"Cancel\" + \"holiday\"",
    "example_sentences": [
      "You can Cancel holiday."
    ],
    "frequency_level": "high",
    "cambridge_book": 13
  },
  {
    "word": "Cancel meeting",
    "phonetic": "",
    "part_of_speech": "phrase",
    "definition": "Common collocation: \"Cancel\" + \"meeting\"",
    "example_sentences": [
      "You can Cancel meeting."
    ],
    "frequency_level": "high",
    "cambridge_book": 1
  },
  {
    "word": "Cancel trip",
    "phonetic": "",
    "part_of_speech": "phrase",
    "definition": "Common collocation: \"Cancel\" + \"trip\"",
    "example_sentences": [
      "You can Cancel trip."
    ],
    "frequency_level": "high",
    "cambridge_book": 17
  },
  {
    "word": "Cancel visit",
    "phonetic": "",
    "part_of_speech": "phrase",
    "definition": "Common collocation: \"Cancel\" + \"visit\"",
    "example_sentences": [
      "You can Cancel visit."
    ],
    "frequency_level": "high",
    "cambridge_book": 4
  },
  {
    "word": "Cancel",
    "phonetic": "",
    "part_of_speech": "verb",
    "definition": "Commonly used with: agreement, appointment, booking, holiday, meeting, trip, visit",
    "example_sentences": [
      "You can Cancel various things."
    ],
    "frequency_level": "high",
    "cambridge_book": 14
  },
  {
    "word": "Catch attention",
    "phonetic": "",
    "part_of_speech": "phrase",
    "definition": "Common collocation: \"Catch\" + \"attention\"",
    "example_sentences": [
      "You can Catch attention."
    ],
    "frequency_level": "high",
    "cambridge_book": 1
  },
  {
    "word": "Catch breath",
    "phonetic": "",
    "part_of_speech": "phrase",
    "definition": "Common collocation: \"Catch\" + \"breath\"",
    "example_sentences": [
      "You can Catch breath."
    ],
    "frequency_level": "high",
    "cambridge_book": 13
  },
  {
    "word": "Catch bus",
    "phonetic": "",
    "part_of_speech": "phrase",
    "definition": "Common collocation: \"Catch\" + \"bus\"",
    "example_sentences": [
      "You can Catch bus."
    ],
    "frequency_level": "high",
    "cambridge_book": 3
  },
  {
    "word": "Catch cold",
    "phonetic": "",
    "part_of_speech": "phrase",
    "definition": "Common collocation: \"Catch\" + \"cold\"",
    "example_sentences": [
      "You can Catch cold."
    ],
    "frequency_level": "high",
    "cambridge_book": 13
  },
  {
    "word": "Catch disease",
    "phonetic": "",
    "part_of_speech": "phrase",
    "definition": "Common collocation: \"Catch\" + \"disease\"",
    "example_sentences": [
      "You can Catch disease."
    ],
    "frequency_level": "high",
    "cambridge_book": 1
  },
  {
    "word": "Catch eye",
    "phonetic": "",
    "part_of_speech": "phrase",
    "definition": "Common collocation: \"Catch\" + \"eye\"",
    "example_sentences": [
      "You can Catch eye."
    ],
    "frequency_level": "high",
    "cambridge_book": 4
  },
  {
    "word": "Catch fire",
    "phonetic": "",
    "part_of_speech": "phrase",
    "definition": "Common collocation: \"Catch\" + \"fire\"",
    "example_sentences": [
      "You can Catch fire."
    ],
    "frequency_level": "high",
    "cambridge_book": 14
  },
  {
    "word": "Catch flight",
    "phonetic": "",
    "part_of_speech": "phrase",
    "definition": "Common collocation: \"Catch\" + \"flight\"",
    "example_sentences": [
      "You can Catch flight."
    ],
    "frequency_level": "high",
    "cambridge_book": 7
  },
  {
    "word": "Catch glimpse",
    "phonetic": "",
    "part_of_speech": "phrase",
    "definition": "Common collocation: \"Catch\" + \"glimpse\"",
    "example_sentences": [
      "You can Catch glimpse."
    ],
    "frequency_level": "high",
    "cambridge_book": 14
  },
  {
    "word": "Catch plane",
    "phonetic": "",
    "part_of_speech": "phrase",
    "definition": "Common collocation: \"Catch\" + \"plane\"",
    "example_sentences": [
      "You can Catch plane."
    ],
    "frequency_level": "high",
    "cambridge_book": 1
  },
  {
    "word": "Catch train",
    "phonetic": "",
    "part_of_speech": "phrase",
    "definition": "Common collocation: \"Catch\" + \"train\"",
    "example_sentences": [
      "You can Catch train."
    ],
    "frequency_level": "high",
    "cambridge_book": 8
  },
  {
    "word": "Catch",
    "phonetic": "",
    "part_of_speech": "verb",
    "definition": "Commonly used with: attention, breath, bus, cold, disease, eye, fire, flight, glimpse, plane, train",
    "example_sentences": [
      "You can Catch various things."
    ],
    "frequency_level": "high",
    "cambridge_book": 18
  },
  {
    "word": "Cause accident",
    "phonetic": "",
    "part_of_speech": "phrase",
    "definition": "Common collocation: \"Cause\" + \"accident\"",
    "example_sentences": [
      "You can Cause accident."
    ],
    "frequency_level": "high",
    "cambridge_book": 4
  },
  {
    "word": "Cause change",
    "phonetic": "",
    "part_of_speech": "phrase",
    "definition": "Common collocation: \"Cause\" + \"change\"",
    "example_sentences": [
      "You can Cause change."
    ],
    "frequency_level": "high",
    "cambridge_book": 15
  },
  {
    "word": "Cause concern",
    "phonetic": "",
    "part_of_speech": "phrase",
    "definition": "Common collocation: \"Cause\" + \"concern\"",
    "example_sentences": [
      "You can Cause concern."
    ],
    "frequency_level": "high",
    "cambridge_book": 3
  },
  {
    "word": "Cause damage",
    "phonetic": "",
    "part_of_speech": "phrase",
    "definition": "Common collocation: \"Cause\" + \"damage\"",
    "example_sentences": [
      "You can Cause damage."
    ],
    "frequency_level": "high",
    "cambridge_book": 18
  },
  {
    "word": "Cause difficulty",
    "phonetic": "",
    "part_of_speech": "phrase",
    "definition": "Common collocation: \"Cause\" + \"difficulty\"",
    "example_sentences": [
      "You can Cause difficulty."
    ],
    "frequency_level": "high",
    "cambridge_book": 13
  },
  {
    "word": "Cause harm",
    "phonetic": "",
    "part_of_speech": "phrase",
    "definition": "Common collocation: \"Cause\" + \"harm\"",
    "example_sentences": [
      "You can Cause harm."
    ],
    "frequency_level": "high",
    "cambridge_book": 14
  },
  {
    "word": "Cause loss",
    "phonetic": "",
    "part_of_speech": "phrase",
    "definition": "Common collocation: \"Cause\" + \"loss\"",
    "example_sentences": [
      "You can Cause loss."
    ],
    "frequency_level": "high",
    "cambridge_book": 3
  },
  {
    "word": "Cause pain",
    "phonetic": "",
    "part_of_speech": "phrase",
    "definition": "Common collocation: \"Cause\" + \"pain\"",
    "example_sentences": [
      "You can Cause pain."
    ],
    "frequency_level": "high",
    "cambridge_book": 6
  },
  {
    "word": "Cause problem",
    "phonetic": "",
    "part_of_speech": "phrase",
    "definition": "Common collocation: \"Cause\" + \"problem\"",
    "example_sentences": [
      "You can Cause problem."
    ],
    "frequency_level": "high",
    "cambridge_book": 2
  },
  {
    "word": "Cause trouble",
    "phonetic": "",
    "part_of_speech": "phrase",
    "definition": "Common collocation: \"Cause\" + \"trouble\"",
    "example_sentences": [
      "You can Cause trouble."
    ],
    "frequency_level": "high",
    "cambridge_book": 11
  },
  {
    "word": "Cause",
    "phonetic": "",
    "part_of_speech": "verb",
    "definition": "Commonly used with: accident, change, concern, damage, difficulty, harm, loss, pain, problem, trouble",
    "example_sentences": [
      "You can Cause various things."
    ],
    "frequency_level": "high",
    "cambridge_book": 2
  },
  {
    "word": "Celebrate achievement",
    "phonetic": "",
    "part_of_speech": "phrase",
    "definition": "Common collocation: \"Celebrate\" + \"achievement\"",
    "example_sentences": [
      "You can Celebrate achievement."
    ],
    "frequency_level": "high",
    "cambridge_book": 2
  },
  {
    "word": "Celebrate anniversary",
    "phonetic": "",
    "part_of_speech": "phrase",
    "definition": "Common collocation: \"Celebrate\" + \"anniversary\"",
    "example_sentences": [
      "You can Celebrate anniversary."
    ],
    "frequency_level": "high",
    "cambridge_book": 16
  },
  {
    "word": "Celebrate birthday",
    "phonetic": "",
    "part_of_speech": "phrase",
    "definition": "Common collocation: \"Celebrate\" + \"birthday\"",
    "example_sentences": [
      "You can Celebrate birthday."
    ],
    "frequency_level": "high",
    "cambridge_book": 11
  },
  {
    "word": "Celebrate centenary",
    "phonetic": "",
    "part_of_speech": "phrase",
    "definition": "Common collocation: \"Celebrate\" + \"centenary\"",
    "example_sentences": [
      "You can Celebrate centenary."
    ],
    "frequency_level": "high",
    "cambridge_book": 17
  },
  {
    "word": "Celebrate day",
    "phonetic": "",
    "part_of_speech": "phrase",
    "definition": "Common collocation: \"Celebrate\" + \"day\"",
    "example_sentences": [
      "You can Celebrate day."
    ],
    "frequency_level": "high",
    "cambridge_book": 16
  },
  {
    "word": "Celebrate event",
    "phonetic": "",
    "part_of_speech": "phrase",
    "definition": "Common collocation: \"Celebrate\" + \"event\"",
    "example_sentences": [
      "You can Celebrate event."
    ],
    "frequency_level": "high",
    "cambridge_book": 2
  },
  {
    "word": "Celebrate festival",
    "phonetic": "",
    "part_of_speech": "phrase",
    "definition": "Common collocation: \"Celebrate\" + \"festival\"",
    "example_sentences": [
      "You can Celebrate festival."
    ],
    "frequency_level": "high",
    "cambridge_book": 1
  },
  {
    "word": "Celebrate holiday",
    "phonetic": "",
    "part_of_speech": "phrase",
    "definition": "Common collocation: \"Celebrate\" + \"holiday\"",
    "example_sentences": [
      "You can Celebrate holiday."
    ],
    "frequency_level": "high",
    "cambridge_book": 10
  },
  {
    "word": "Celebrate occasion",
    "phonetic": "",
    "part_of_speech": "phrase",
    "definition": "Common collocation: \"Celebrate\" + \"occasion\"",
    "example_sentences": [
      "You can Celebrate occasion."
    ],
    "frequency_level": "high",
    "cambridge_book": 5
  },
  {
    "word": "Celebrate success",
    "phonetic": "",
    "part_of_speech": "phrase",
    "definition": "Common collocation: \"Celebrate\" + \"success\"",
    "example_sentences": [
      "You can Celebrate success."
    ],
    "frequency_level": "high",
    "cambridge_book": 7
  },
  {
    "word": "Celebrate victory",
    "phonetic": "",
    "part_of_speech": "phrase",
    "definition": "Common collocation: \"Celebrate\" + \"victory\"",
    "example_sentences": [
      "You can Celebrate victory."
    ],
    "frequency_level": "high",
    "cambridge_book": 1
  },
  {
    "word": "Celebrate wedding",
    "phonetic": "",
    "part_of_speech": "phrase",
    "definition": "Common collocation: \"Celebrate\" + \"wedding\"",
    "example_sentences": [
      "You can Celebrate wedding."
    ],
    "frequency_level": "high",
    "cambridge_book": 10
  },
  {
    "word": "Celebrate year",
    "phonetic": "",
    "part_of_speech": "phrase",
    "definition": "Common collocation: \"Celebrate\" + \"year\"",
    "example_sentences": [
      "You can Celebrate year."
    ],
    "frequency_level": "high",
    "cambridge_book": 14
  },
  {
    "word": "Celebrate",
    "phonetic": "",
    "part_of_speech": "verb",
    "definition": "Commonly used with: achievement, anniversary, birthday, centenary, day, event, festival, holiday, occasion, success, victory, wedding, year",
    "example_sentences": [
      "You can Celebrate various things."
    ],
    "frequency_level": "high",
    "cambridge_book": 12
  }
]